1,1,2,Albany,2021-07-24 14:38:53,Barb,Adam
2,1,4,Pueblo,2020-11-09 14:40:19,Linda,Emerson
3,0,5,Jackson,2019-12-07 07:04:46,Mark,Newton
4,0,1,Vail,2021-08-01 06:53:07,Maria,Yu
5,0,5,Gansevoort,2020-07-12 11:11:04,Sophia,Townsend
6,1,4,Albany,2020-09-09 20:38:16,Roger,O'Brien
7,1,4,Youngstown,2020-08-12 04:58:53,Charles,Chang
8,1,3,Elmhurst,2019-09-11 07:45:09,Debra,Jung
9,1,2,Denver,2019-03-15 20:46:36,Gertrude,Quixote
10,0,4,Reston,2020-11-09 20:50:50,Quentin,Paraskiv
11,0,1,Denver,2020-07-21 11:03:37,Debra,Eno
12,1,4,Zanesville,2020-12-29 20:41:31,Edward,Xander
13,1,3,Chicago,2019-12-21 04:37:00,Nellie,Vivaldi
14,1,4,Bensonhurst,2019-08-23 21:06:00,Liza,Geoffrion
15,0,4,Boston,2019-05-14 17:56:31,Norbert,Pascal
16,1,1,St Louis,2019-10-07 04:40:45,Olga,Lee
17,1,3,Boston,2020-02-02 10:24:21,Peter,Geoffrion
18,0,2,Jackson,2020-07-20 07:37:24,Milhouse,Hills
19,1,4,Bensonhurst,2019-08-05 21:23:56,Samantha,Novello
20,0,5,Elmhurst,2019-03-02 16:15:50,Olga,West
21,0,5,Newton,2021-02-01 04:14:55,Pam,Basile
22,1,5,Elmhurst,2019-10-16 09:32:07,Alfred,Yancik
23,0,5,Fargo,2021-02-13 13:50:34,Olga,Zimmerman
24,1,2,Tampa,2019-07-27 01:40:10,Michael,Adams
25,0,2,Boston,2020-02-14 07:44:46,Quentin,Xenia
26,0,2,Bensonhurst,2020-04-22 03:12:33,Pat,Tweed
27,1,3,Tampa,2019-12-20 05:08:34,Barbara,Lepon
28,0,3,Hialeah,2018-12-22 00:48:48,Kim,Taylor
29,1,5,Washington,2019-09-05 05:39:54,Stuart,Rotterman
30,0,3,Ukiah,2020-07-04 16:21:08,Juanita,Quixote
31,1,4,Chicago,2021-04-30 10:16:28,Martin,Faust
32,1,2,Chicago,2019-08-07 14:06:27,Sophia,Xavier
33,0,5,Boston,2020-01-29 19:15:13,Quigley,Jafari
34,1,5,St Louis,2019-10-27 14:57:57,Nellie,Zimmerman
35,1,1,Xavier,2020-08-24 07:41:44,Jose,Zemaitis
36,0,2,Tampa,2019-11-06 06:39:26,Jose,Nagel
37,0,1,Elmhurst,2020-02-06 08:03:09,Josephine,Finn
38,0,3,Washington,2018-12-16 11:25:32,Thelma,Zevon
39,1,2,Boston,2021-02-04 13:57:28,Diane,Simpson
40,0,5,Bensonhurst,2021-04-16 03:56:09,Dmitry,Miller
41,1,5,Jackson,2020-12-28 00:04:39,Dick,Eastman
42,0,4,Denver,2019-09-02 14:19:34,Barb,Waters
43,0,5,Elmhurst,2019-05-06 18:06:49,Gertrude,Hernandez
44,1,5,Boston,2020-07-12 05:34:15,Bob,Eastman
45,0,1,Hialeah,2021-01-29 06:58:43,Mario,Xerxes
46,0,2,Elmhurst,2019-07-23 21:21:00,Chad,Lennon
47,1,5,Xavier,2021-07-23 13:03:15,Patricia,Minichillo
48,0,5,Islip,2019-09-18 12:54:10,Alice,DeSantis
49,1,4,Fargo,2021-02-26 10:10:07,Belinda,Edwards
50,1,5,Queensbury,2019-07-23 16:19:16,Brian,Thompson
51,0,3,Islip,2021-01-27 04:41:27,Angela,Rogers
52,1,4,Gansevoort,2020-07-29 08:37:43,Charles,Quincy
53,0,4,Denver,2021-02-26 13:53:11,Brendan,Vanzetti
54,0,4,Islip,2019-02-28 00:49:20,Roberta,Ahmed
55,1,4,Reston,2019-11-04 14:29:46,Phyllis,Sorenson
56,1,3,Newton,2019-11-23 05:42:26,Lola,Adams
57,0,4,Youngstown,2020-09-17 08:01:16,William,Emerson
58,1,2,Hialeah,2020-03-02 23:42:20,Jules,Jackson
59,0,3,Xavier,2019-04-15 09:53:52,Angela,Noodleman
60,1,1,Vail,2020-06-24 09:33:30,Mark,Tweed
61,0,2,Queensbury,2019-10-17 22:16:03,Diane,Gomez
62,1,2,Jackson,2019-08-05 14:46:15,Richard,Klein
63,0,5,Gansevoort,2020-07-23 14:03:46,Dan,Goldman
64,0,4,Elmhurst,2021-05-04 11:52:27,Aviel,Joyce
65,0,3,Gansevoort,2020-04-14 17:30:30,Barb,Nichols
66,1,5,Bensonhurst,2020-04-05 20:08:34,Kim,Tillem
67,0,2,Albany,2019-10-10 09:40:12,Elmo,Yakulis
68,1,2,Queensbury,2019-01-13 12:27:50,Alfred,Tweed
69,0,1,Elmhurst,2019-05-26 23:20:26,Emma,Ueckert
70,1,5,Xavier,2019-10-07 04:11:55,Ashley,Bukowski
71,0,2,Newton,2020-04-12 22:42:50,Phyllis,Alton
72,0,4,Vail,2019-03-29 03:05:36,Lydia,DeSantis
73,0,2,Ukiah,2019-08-29 16:00:45,Stavros,Mastrolito
74,1,5,Larchmont,2019-01-14 11:18:53,Robert,Klausner
75,1,5,Miami,2021-08-14 01:51:51,Alvin,Djakovic
76,0,5,Jackson,2021-03-01 13:40:30,Jane,Klausner
77,0,2,Boston,2021-01-16 21:06:05,Robert,Willeke
78,0,3,Newton,2019-04-21 02:36:41,Kristen,Petersburg
79,1,2,Miami,2019-12-17 22:23:35,Mark,Klein
80,0,3,Queensbury,2021-04-16 14:25:29,Stuart,Jung
81,0,4,St Louis,2019-05-11 20:45:01,Ed,Uhles
82,0,3,Washington,2020-11-22 15:32:11,Joe,Connors
83,1,2,Zanesville,2021-03-11 17:32:06,Kim,Lee
84,0,3,Albany,2019-02-02 03:04:31,Terry,Adams
85,1,3,Pueblo,2020-04-09 13:25:45,Mo,Quince
86,0,3,Larchmont,2019-04-06 06:48:32,Terry,Dunlap
87,0,1,Tampa,2019-07-12 15:23:34,Molly,Braam
88,1,5,Youngstown,2020-10-17 10:06:15,Patricia,Yakulis
89,0,1,Bensonhurst,2019-04-20 18:25:15,Heloisa,Quine
90,0,1,Zanesville,2019-07-18 23:17:16,Paul,LaRocca
91,1,2,Washington,2020-11-03 15:57:26,Ed,Orwell
92,1,4,Vail,2021-06-19 21:10:37,Lawrence,Davis
93,1,5,Ukiah,2021-08-17 17:13:23,Pam,Eisenstien
94,1,3,Denver,2020-02-02 06:53:06,Nataliya,Ulman
95,0,3,Bensonhurst,2019-03-21 18:17:45,Edgar,Ubertini
96,0,3,Fargo,2020-05-16 10:38:30,Lisa,Young
97,1,1,Oak Creek,2020-06-03 00:19:09,Debby,Gibbs
98,1,2,Elmhurst,2019-07-19 05:01:34,Uma,Cunningham
99,1,5,Queensbury,2020-09-16 19:56:41,John,Zimmerman
100,0,1,Elmhurst,2021-04-13 17:40:49,Mo,Zubik
101,1,3,Tampa,2020-12-17 23:47:25,Gertrude,Thompson
102,1,2,Chicago,2021-03-19 23:09:22,Susan,Yezek
103,1,2,Vail,2021-05-23 22:45:33,Mary,Cooke
104,0,5,Denver,2019-07-15 01:38:12,James,Massias
105,1,4,Chicago,2020-01-19 15:53:00,Laura,Jones
106,1,4,Albany,2019-03-23 12:00:17,John,Petersburg
107,1,5,Tampa,2020-08-10 19:10:50,Greta,Kelvin
108,1,4,Ukiah,2019-09-12 03:06:55,Angelo,Kratzmann
109,0,5,Elmhurst,2021-06-16 02:33:57,Agnes,Umansky
110,1,5,Boston,2019-01-09 18:27:46,Quigley,Quixote
111,0,3,Ukiah,2020-10-31 02:10:28,Andrew,Adams
112,0,1,Albany,2020-04-21 04:51:51,Molly,Ximines
113,0,5,Fargo,2021-05-12 10:38:31,Phil,Johnson
114,0,1,Elmhurst,2021-07-08 08:40:40,Joe,Rotterman
115,0,2,Albany,2021-08-03 19:39:28,Zoe,West
116,1,4,Zanesville,2021-07-19 14:22:36,Edward,Solomon
117,0,2,Vail,2020-02-01 19:52:07,David,Press
118,0,2,Vail,2019-11-03 10:34:11,Aviel,Ironhorse
119,0,3,Hialeah,2019-08-21 05:50:35,Jane,Underman
120,0,5,Reston,2021-08-02 03:15:25,Laura,Baker
121,1,5,Miami,2020-06-19 10:03:31,Orson,Vonnegut
122,1,5,Xavier,2019-09-07 13:32:33,Martin,Jafari
123,1,1,Larchmont,2020-03-13 02:04:21,Edgar,Bachman
124,0,1,Islip,2020-02-06 15:19:48,Barbara,Ubertini
125,1,4,Xavier,2021-05-15 22:46:02,Gertrude,Mailer
126,1,2,Chicago,2020-11-27 13:51:36,Mark,Quince
127,1,4,Oak Creek,2021-05-03 10:46:51,Bill,Yang
128,0,3,Larchmont,2019-11-19 08:01:56,Mo,Peterson
129,1,2,Chicago,2020-11-11 05:43:06,Sophia,Beatty
130,0,4,Islip,2019-09-17 07:58:34,Lola,Rotterman
131,0,3,Queensbury,2020-07-12 21:12:35,Michelle,Chadbourne
132,0,3,Reston,2019-03-01 01:17:15,William,Semmens
133,0,5,Miami,2020-07-09 11:26:34,Peter,Ingrahm
134,0,4,Jackson,2018-12-18 21:26:57,Stuart,Ubertini
135,1,1,Fargo,2021-04-13 08:50:30,Jane,Sato
136,1,3,Xavier,2021-08-21 07:48:22,Hannah,Uhles
137,0,3,Vail,2019-09-06 02:39:42,Umberto,Gold
138,1,3,Gansevoort,2019-08-22 04:59:50,Howard,Larson
139,0,2,Elmhurst,2019-10-23 21:34:11,Hannah,DeLillo
140,1,2,Washington,2021-02-25 18:53:29,Frances,Zweifelhofer
141,0,4,Youngstown,2021-04-06 12:46:09,Danielle,Allen
142,1,4,Xavier,2021-08-14 09:35:14,Sally,Harrison
143,1,2,Chicago,2019-08-07 23:01:33,Lola,Vivaldi
144,1,1,Chicago,2019-08-14 12:03:45,George,Zubik
145,0,3,Hialeah,2020-01-15 17:52:51,Jeff,Yang
146,1,3,Miami,2019-05-30 17:25:56,Christine,Adams
147,0,1,Miami,2020-04-04 10:18:18,Kenny,Eagleman
148,1,5,Youngstown,2020-09-27 01:40:13,Clint,Woo
149,0,1,Washington,2019-10-14 17:06:22,Zoe,Yakulis
150,0,1,Ukiah,2021-08-26 04:03:42,Elvira,White
151,1,5,Gansevoort,2021-06-16 12:32:55,Mo,Cannon
152,1,3,Newton,2019-10-31 10:25:30,Brendan,Murray
153,1,5,Zanesville,2020-03-03 01:16:33,Nataliya,Yoders
154,0,5,Chicago,2020-10-30 23:39:35,Rhonda,Vanzetti
155,1,4,Zanesville,2019-01-09 13:57:21,Violet,Vanzetti
156,0,4,Albany,2020-04-21 06:11:46,Joshua,Zucherro
157,0,2,Larchmont,2019-06-27 12:14:33,Joe,Hertz
158,0,1,Queensbury,2019-02-16 22:26:21,Liza,Vivaldi
159,0,2,Oak Creek,2019-08-30 05:54:01,Danielle,Xerxes
160,1,2,Elmhurst,2021-06-04 07:30:42,William,Van De Griek
161,1,5,St Louis,2020-11-04 04:24:55,Mary,Quince
162,0,3,Hialeah,2019-09-23 21:42:17,Terry,Yezek
163,1,1,Elmhurst,2019-10-18 15:04:22,Richard,Van De Griek
164,0,4,Fargo,2019-03-09 14:18:51,Jane,Bush
165,1,1,St Louis,2019-11-02 04:01:04,Edgar,Ipsen
166,1,2,Washington,2021-08-27 22:18:18,Mary,Gore
167,0,3,Hialeah,2019-07-17 23:53:35,Sam,Garcia
168,0,3,Ukiah,2020-09-13 21:31:02,Joshua,Baker
169,1,5,Islip,2021-03-31 09:00:06,Usha,Paraskiv
170,0,5,Denver,2021-04-17 20:15:01,Kenny,Peters
171,1,5,Queensbury,2021-04-01 15:59:58,Mark,Edwards
172,0,4,Queensbury,2019-04-06 20:07:50,Emma,Russell
173,1,5,Albany,2020-12-21 00:39:14,Thelma,Loveluck
174,0,5,Bensonhurst,2020-05-21 07:47:37,Terry,Nathanson
175,1,1,Denver,2019-04-07 20:15:00,Valery,Adams
176,0,4,Boston,2020-03-18 07:11:55,Zelda,Quincy
177,1,2,Oak Creek,2020-04-29 18:36:20,Alfred,Isaacs
178,1,3,Denver,2019-12-07 01:41:52,Maureen,Jones
179,0,5,Queensbury,2021-02-18 18:45:15,Lisa,Salm
180,0,2,Miami,2020-09-12 17:17:56,Pam,Finn
181,0,1,Gansevoort,2021-08-05 20:06:07,Violet,Quince
182,1,1,Gansevoort,2019-01-17 08:55:49,Patricia,Rogers
183,1,5,Fargo,2019-01-17 20:48:58,Emily,DeLillo
184,0,2,Jackson,2020-05-22 04:50:51,Thelma,Xavier
185,1,5,Xavier,2021-02-26 03:01:55,Maria,Yoders
186,1,3,Reston,2020-04-09 19:26:34,Kenny,Ximines
187,1,3,Youngstown,2019-10-15 00:58:41,Nataliya,Quigley
188,0,5,Oak Creek,2019-06-17 00:46:10,Ted,Yeats
189,1,2,Elmhurst,2020-08-29 06:20:39,Elvira,Vivaldi
190,0,1,Tampa,2020-01-02 00:01:25,Pat,Vanzetti
191,0,1,Washington,2019-09-30 19:03:06,Dick,Salm
192,1,1,Pueblo,2021-01-26 10:14:59,Ed,Roentgen
193,1,2,Boston,2021-01-18 22:47:18,Frances,West
194,1,5,Oak Creek,2019-08-25 15:28:00,Alfred,Murray
195,1,5,Newton,2020-02-21 02:41:08,Dan,Gaboriault
196,1,5,Youngstown,2019-08-11 09:27:31,Alice,Zemaitis
197,0,3,Boston,2020-06-18 22:13:27,Geoffrey,Winters
198,0,3,Larchmont,2020-06-13 09:35:30,Hannah,Orwell
199,1,2,Xavier,2019-09-19 04:26:26,Imelda,Russell
200,1,3,Denver,2021-02-16 19:32:16,Paul,Koivu
201,0,2,Islip,2020-07-09 04:16:01,Kevin,Rogers
202,1,1,Albany,2021-05-08 19:19:26,Vincent,Tweed
203,1,4,Oak Creek,2020-11-22 21:01:39,James,Lepon
204,0,3,Queensbury,2020-04-18 23:59:15,Umberto,Isaksen
205,0,5,Miami,2021-08-20 04:14:34,Angela,Gold
206,1,2,Bensonhurst,2020-08-31 04:04:35,Alexandra,Iacobelli
207,0,3,Newton,2021-05-16 14:29:13,Emilio,Quine
208,1,2,Larchmont,2021-05-02 02:32:13,Frances,DeSantis
209,1,3,Pueblo,2021-03-03 02:17:51,Buzz,Quixote
210,0,4,Pueblo,2021-04-26 11:39:36,Angelo,Gallant
211,0,2,Bensonhurst,2019-10-08 19:01:14,Emma,Zemaitis
212,1,4,Xavier,2019-02-23 19:15:36,Diane,Ubertini
213,1,2,Pueblo,2018-12-21 15:23:41,Dmitry,Beatty
214,1,5,Hialeah,2019-03-31 18:27:02,Alice,Goncharuk
215,1,3,Hialeah,2019-05-10 14:33:43,Sam,Paladino
216,1,3,Gansevoort,2019-06-29 18:34:26,Kyra,Pape
217,1,4,Jackson,2019-04-15 02:29:01,Pam,Lopez
218,0,4,Washington,2021-05-08 22:55:16,Brian,Joyce
219,0,5,Tampa,2019-02-25 19:11:50,Joshua,Russell
220,0,5,St Louis,2019-09-13 15:32:20,Natasha,Grabscheid
221,0,3,Xavier,2019-04-11 06:48:51,Clint,Huff
222,0,3,Fargo,2019-09-11 21:32:22,Buzz,Quilty
223,0,3,Jackson,2020-06-29 17:28:45,Janice,Perez
224,1,5,Larchmont,2021-07-17 23:45:57,Mario,Semmens
225,1,5,Pueblo,2020-07-17 22:29:57,Milhouse,Ximines
226,1,1,Bensonhurst,2020-08-02 09:20:24,Josephine,Waters
227,0,2,Denver,2020-08-10 12:26:55,Kenny,Jones
228,0,4,Vail,2020-09-03 00:33:38,Jane,Rodriguez
229,1,1,Pueblo,2020-06-01 08:29:05,Quigley,Xiang
230,1,4,Boston,2021-01-23 00:19:19,Usha,Connors
231,0,3,Ukiah,2021-02-04 08:35:30,Emilio,Orlin
232,0,1,Reston,2020-10-30 13:58:58,Olga,Underman
233,1,1,Miami,2020-01-01 04:24:14,Zoe,Edwards
234,0,5,Islip,2020-05-31 08:44:11,Ralph,Finn
235,0,2,Vail,2021-02-12 20:41:31,Alfred,Browne
236,1,5,Hialeah,2019-07-21 04:48:47,Fred,Mara
237,0,5,Fargo,2020-12-03 01:37:47,Zoe,Eisenstien
238,0,4,Zanesville,2020-04-07 02:14:13,Keith,Waterman
239,1,4,Washington,2020-07-03 03:57:04,Greta,Zweifelhofer
240,1,1,Newton,2019-05-04 15:01:22,Hannah,Isaacs
241,0,3,Miami,2020-09-19 15:01:17,Charles,Sorenson
242,0,3,Fargo,2019-01-12 08:59:19,Phil,Gore
243,1,3,Albany,2018-12-23 12:42:25,Bob,Connors
244,1,2,Ukiah,2020-04-21 11:30:46,Molly,Quilty
245,0,5,Tampa,2020-04-24 20:39:46,Terry,Solomon
246,0,4,Gansevoort,2019-03-03 17:03:13,Ralph,Zucherro
247,0,5,Youngstown,2019-12-09 22:02:34,Richard,Van De Griek
248,0,1,Denver,2020-12-13 21:51:54,Juanita,Jung
249,1,4,Tampa,2018-12-22 21:47:55,Frances,Evans
250,0,3,Jackson,2019-08-16 12:28:49,Rob,Zubik
251,1,1,Larchmont,2019-10-28 22:24:07,Emilio,O'Rielly
252,1,4,Zanesville,2019-05-30 04:44:40,Stuart,Van De Griek
253,0,5,Chicago,2021-06-30 07:32:23,Ralph,Goncharuk
254,1,4,Boston,2019-01-24 13:43:37,Terry,Rotterman
255,1,5,Elmhurst,2020-01-25 00:46:39,Bob,Iacobelli
256,1,1,Zanesville,2021-04-22 09:27:17,Joshua,Clinton
257,1,1,Miami,2020-05-13 11:17:16,Ed,Xavier
258,1,4,Zanesville,2021-08-26 06:21:21,Michelle,Garcia
259,1,3,Youngstown,2018-12-07 13:28:18,Vincent,Uberoth
260,0,4,Gansevoort,2021-04-02 20:30:33,Robert,Quixote
261,0,5,Pueblo,2020-07-13 22:10:42,Phyllis,Zampitello
262,0,3,Larchmont,2019-05-27 01:25:20,Chelsea,Chang
263,0,1,Reston,2021-05-15 13:48:05,Sophia,Palmer
264,0,2,Elmhurst,2020-10-05 09:13:30,Phil,Paraskiv
265,0,3,Jackson,2019-10-29 21:16:44,Neil,Iacobelli
266,1,3,Youngstown,2019-01-12 12:14:09,Sophia,Smyth
267,1,3,Jackson,2021-07-12 17:36:02,Pam,Ximines
268,0,3,Hialeah,2021-04-01 01:53:30,Yan,Uhles
269,0,4,Reston,2021-01-01 04:21:13,Lydia,Orwell
270,0,3,Reston,2021-03-29 09:04:33,Linda,Ueckert
271,0,1,Fargo,2020-08-12 15:23:12,Kenny,Evans
272,1,5,Vail,2021-03-07 23:50:05,Hannah,Ingersol
273,1,3,Gansevoort,2021-01-08 00:59:40,Paul,Mailer
274,0,5,Albany,2021-03-10 15:10:48,Clint,Ingleman
275,0,2,Tampa,2020-10-25 20:24:20,Emma,Cooke
276,0,3,Pueblo,2021-05-25 03:22:45,Tara,Murphy
277,0,1,Elmhurst,2019-10-10 02:54:53,Angela,Baker
278,0,1,Fargo,2020-02-08 12:49:42,Olga,Quincy
279,0,3,Newton,2020-04-03 06:40:04,Milhouse,Waters
280,0,4,Miami,2019-04-12 22:34:34,Laura,Frost
281,0,3,Gansevoort,2021-07-22 10:17:06,Kenny,Zweifelhofer
282,1,4,Vail,2020-03-13 08:35:31,Chris,Tillem
283,1,5,Miami,2020-05-19 23:38:45,Marvin,Yoders
284,0,4,Gansevoort,2019-05-26 11:10:17,Dave,Black
285,1,2,Bensonhurst,2020-04-07 01:29:27,Kevin,Quincy
286,1,4,Islip,2021-07-29 10:06:55,Heloisa,Page
287,1,4,Oak Creek,2019-11-12 16:04:38,Kim,Ihringer
288,1,5,Fargo,2018-12-24 09:52:48,Kevin,Ueckert
289,0,1,Oak Creek,2020-02-04 23:31:45,John,Presley
290,1,1,St Louis,2019-10-09 12:27:00,Emma,Yu
291,0,1,Newton,2019-11-13 23:18:49,Elvis,Zampitello
292,1,1,Islip,2020-11-04 00:57:43,Ed,Pybus
293,1,5,Albany,2020-02-15 18:42:03,Brendan,Zemaitis
294,1,5,Oak Creek,2020-03-22 07:27:40,George,Willeke
295,0,2,Youngstown,2021-06-14 13:30:56,Alexandra,Tesla
296,0,2,Chicago,2019-02-05 12:04:10,Dan,Nichols
297,0,3,Islip,2021-08-05 15:47:06,Kim,Huff
298,0,4,Bensonhurst,2019-12-13 09:24:00,Chris,Cannon
299,0,2,Islip,2019-10-12 13:52:36,Usha,Roentgen
300,0,5,Pueblo,2019-08-22 02:45:18,Brian,Basile
301,1,1,Ukiah,2020-08-26 11:57:50,Charles,Orlin
302,1,5,Boston,2021-07-24 19:19:23,Valery,Uhles
303,1,3,Boston,2020-10-25 13:11:34,Geoffrey,Peterson
304,0,3,Boston,2019-04-28 22:54:14,Olga,Eisenstien
305,1,4,Reston,2020-10-03 02:05:34,Lisa,Braam
306,1,5,Pueblo,2020-04-28 16:46:13,Martin,Wilson
307,0,3,Vail,2020-07-27 00:42:20,Lola,Avery
308,1,3,Albany,2019-11-23 14:59:17,Amanda,Geoffrion
309,0,2,Xavier,2021-07-15 02:13:44,Richard,Love
310,0,2,Zanesville,2021-01-16 06:44:12,Norbert,Cunningham
311,0,2,Newton,2021-04-13 21:40:20,Alexandra,Townsend
312,1,2,Chicago,2019-08-12 18:35:17,Emma,Orlin
313,0,1,Reston,2019-03-08 11:41:07,Laura,Zweifelhofer
314,0,2,Larchmont,2020-11-15 11:10:07,Thelma,Donaldson
315,0,1,Bensonhurst,2021-04-17 03:41:51,Rob,Underman
316,0,1,Reston,2021-01-23 16:27:59,Wilma,Presley
317,1,1,Pueblo,2019-02-04 05:26:14,Alvin,Pape
318,0,5,Elmhurst,2019-04-19 16:18:26,Angelo,Zampitello
319,1,2,Tampa,2020-07-30 17:27:54,Kevin,Vonnegut
320,1,2,Xavier,2020-12-22 19:06:26,Brenda,Noodleman
321,1,1,Zanesville,2020-06-23 20:04:42,Susan,Page
322,1,3,Ukiah,2020-08-25 17:03:15,Terry,Humby
323,1,2,Hialeah,2021-02-21 17:06:25,Kim,Zweifelhofer
324,0,5,Xavier,2019-01-18 17:06:59,Peter,Minichillo
325,1,1,Oak Creek,2020-07-28 19:04:18,Lola,Klausner
326,0,5,Youngstown,2019-05-14 09:17:45,Molly,Fripp
327,1,1,Newton,2019-10-31 16:23:40,Danielle,DeLillo
328,1,4,Oak Creek,2020-03-13 01:06:36,Mary,Petersburg
329,0,4,Queensbury,2019-02-08 22:38:55,Linda,Ironhorse
330,1,4,Oak Creek,2019-04-03 22:38:49,Maria,Djakovic
331,1,2,Tampa,2019-03-26 06:36:56,Martin,Smith
332,0,1,Boston,2021-01-20 14:32:42,Ed,Tillem
333,0,5,Pueblo,2020-03-13 01:23:37,Stuart,Edison
334,0,1,Ukiah,2021-04-12 23:27:50,Wolfgang,Browning
335,1,5,Bensonhurst,2019-03-11 00:35:02,Roberta,Zemaitis
336,0,1,Zanesville,2019-01-31 04:16:52,Jocelyn,Jaynes
337,1,1,Reston,2020-10-03 18:37:22,Alexandra,Zweifelhofer
338,1,3,Vail,2020-01-26 22:07:26,Kenny,DeLillo
339,1,5,Pueblo,2020-04-12 17:52:46,Ashley,Winters
340,0,1,Boston,2021-01-23 16:50:11,Kyra,Chadbourne
341,0,3,Zanesville,2019-06-08 08:01:27,Kenny,Sorenson
342,1,4,Washington,2020-06-12 11:53:16,Bill,Kovalev
343,1,4,Pueblo,2020-11-08 22:46:42,Sam,Hertz
344,1,5,Xavier,2020-08-23 17:39:10,Quigley,Xander
345,1,5,Gansevoort,2019-05-01 16:48:12,Imelda,Presley
346,0,2,Fargo,2019-07-06 09:37:57,Imelda,Quine
347,1,1,Vail,2021-01-08 00:42:59,Dmitry,Ingleman
348,1,3,St Louis,2019-05-10 02:00:56,Rhonda,Peterson
349,0,2,Albany,2019-03-26 02:14:45,Ralph,DeSantis
350,1,2,Reston,2021-01-04 10:48:03,Samantha,Chadwick
351,1,4,Zanesville,2020-03-18 17:18:41,Mario,Quigley
352,0,2,Vail,2021-04-14 13:02:20,David,Yu
353,1,5,Fargo,2021-05-16 00:10:08,Lawrence,Eno
354,1,2,Denver,2019-01-23 18:50:38,Michelle,Russell
355,0,1,Youngstown,2021-02-26 17:52:25,Belinda,Wells
356,0,4,Gansevoort,2018-12-11 11:39:34,Julie,Huff
357,1,3,St Louis,2021-08-13 17:08:16,John,Vivaldi
358,0,3,Miami,2021-07-01 18:11:01,Buzz,DeSantis
359,1,2,Oak Creek,2021-02-25 17:09:45,Juanita,Cerri
360,1,5,Ukiah,2020-11-26 06:43:59,Maureen,Isaacs
361,1,4,Hialeah,2020-12-10 16:10:29,Jeff,Frost
362,0,3,Reston,2020-11-21 20:25:17,Sally,Jafari
363,1,5,Youngstown,2020-03-25 22:13:58,Valery,Quixote
364,1,1,St Louis,2020-10-14 16:48:10,Ashley,Isaksen
365,0,3,Washington,2019-03-28 22:32:19,Alexandra,Hills
366,1,1,Washington,2021-02-06 01:35:37,Pam,Ipsen
367,1,3,Tampa,2020-12-22 00:13:04,Milhouse,Taylor
368,0,1,Tampa,2019-05-17 16:01:28,George,Semmens
369,0,2,Chicago,2020-11-09 12:01:35,Frances,Lennon
370,0,1,Miami,2019-02-01 07:51:19,Zeke,Bukowski
371,0,4,Zanesville,2019-06-22 15:28:08,Elmo,Wijnschenk
372,1,1,Hialeah,2019-01-16 21:40:12,Violet,Xander
373,0,3,Vail,2021-05-29 21:08:44,Alexandra,Solomon
374,0,4,Tampa,2021-03-11 14:13:14,Ashley,Huff
375,1,1,Xavier,2021-08-26 17:04:24,Mark,Edison
376,1,4,Ukiah,2019-11-07 00:14:30,Chad,White
377,1,4,Xavier,2020-09-15 12:26:02,Susan,Quigley
378,0,4,Jackson,2019-03-12 17:45:49,Geoffrey,Geoffrion
379,1,5,Tampa,2020-12-23 20:24:32,Elmo,Van De Griek
380,0,3,Ukiah,2020-02-28 08:23:45,Christine,Feynman
381,1,5,Albany,2021-05-10 09:32:41,Patricia,Zemaitis
382,0,2,Xavier,2019-04-25 03:09:54,Jeff,Goldman
383,0,3,Gansevoort,2020-01-25 01:28:38,Debby,Quincy
384,1,4,Zanesville,2021-02-18 23:48:05,Julie,Townsend
385,0,4,Chicago,2019-02-02 02:35:27,Laura,Quixote
386,1,2,Vail,2018-12-11 21:07:16,Ed,Joyce
387,0,1,Larchmont,2020-10-18 03:31:03,Clint,Finn
388,1,2,Tampa,2020-02-17 06:49:39,Stavros,Murray
389,0,5,Pueblo,2019-07-19 07:40:02,Aviel,Ravazzolo
390,0,5,Islip,2019-07-03 01:57:47,Will,Winters
391,1,1,Washington,2021-06-19 20:47:22,Filomena,Eno
392,1,3,Ukiah,2020-05-02 13:46:23,Alice,Thompson
393,1,5,Islip,2019-04-25 09:14:26,Maureen,Kratzmann
394,1,1,Youngstown,2020-03-17 19:53:06,Brian,Xander
395,0,3,Tampa,2021-02-12 02:07:34,Lawrence,Dunlap
396,0,4,Islip,2020-07-17 03:40:37,Barbara,Kelvin
397,1,1,Elmhurst,2020-09-14 19:35:44,Samantha,Tsatsulin
398,0,1,Youngstown,2019-12-15 23:49:52,Stavros,Yu
399,0,4,Washington,2021-08-18 12:35:58,Mark,White
400,1,1,Vail,2021-08-18 20:20:17,Filomena,Kelvin
401,1,1,Xavier,2020-07-11 19:35:22,Valery,Anderson
402,0,3,Chicago,2019-12-30 22:24:29,Uma,Garcia
403,1,1,Fargo,2019-03-18 06:18:02,Michael,Nelson
404,0,5,Tampa,2021-06-18 19:23:07,Susan,Thompson
405,1,2,Boston,2021-08-05 10:10:15,Milhouse,Rodriguez
406,1,5,Zanesville,2019-01-02 12:51:45,Vincent,Xenia
407,0,4,Tampa,2020-11-04 22:33:00,Ted,Vivaldi
408,0,1,Pueblo,2019-02-03 13:16:38,Stavros,Wilson
409,1,4,Oak Creek,2021-03-12 03:50:22,Alvin,Pantaleo
410,1,2,Denver,2021-03-19 19:52:29,Fred,Yancik
411,1,5,Islip,2019-05-07 09:45:24,Peter,Frost
412,0,1,Jackson,2018-12-07 18:05:03,Kenny,Larson
413,1,3,Tampa,2021-02-03 22:46:01,Emily,Basile
414,0,4,Elmhurst,2019-07-12 21:31:42,Alexandra,Yancik
415,1,5,Oak Creek,2021-08-24 13:18:01,Maureen,Noodleman
416,1,1,Islip,2020-10-29 04:27:38,Wolfgang,Houseman
417,0,3,Islip,2019-12-16 08:31:21,Chris,Van De Griek
418,1,4,Miami,2020-02-06 12:43:31,Ted,Wells
419,1,4,Elmhurst,2020-07-12 04:47:03,Jane,Beatty
420,0,2,Denver,2019-10-28 02:53:58,Marvin,Klein
421,1,2,St Louis,2021-01-14 22:37:21,Vincent,Bush
422,1,4,Denver,2019-04-29 15:07:25,Kenny,Duquesnoy
423,1,5,Boston,2020-07-20 12:33:37,Roberta,Olsen
424,0,3,St Louis,2020-11-05 00:48:16,Mark,Ihringer
425,0,2,Jackson,2020-02-17 00:46:59,Stavros,Vivaldi
426,0,4,Bensonhurst,2020-11-21 01:07:29,Sophia,Xenia
427,1,3,Oak Creek,2019-08-11 11:57:27,Emilio,Larson
428,1,3,Zanesville,2020-06-23 20:24:31,Ted,Campos
429,0,3,Bensonhurst,2019-03-29 12:13:20,Dmitry,Brown
430,0,4,St Louis,2021-05-01 17:43:11,George,Ingersol
431,1,1,Queensbury,2019-04-29 05:16:40,Frances,Zampitello
432,1,4,Youngstown,2019-04-22 12:34:55,Michael,Chang
433,1,4,Vail,2020-02-17 04:11:20,Rhonda,Mastrolito
434,1,5,Bensonhurst,2020-12-21 03:54:28,Emma,Vivaldi
435,1,4,Pueblo,2020-05-25 17:24:50,Maureen,Pantaleo
436,0,3,Xavier,2019-08-20 10:23:14,Natasha,DeLillo
437,0,5,Washington,2020-10-16 08:31:08,Wolfgang,Adams
438,0,1,Boston,2019-07-28 06:56:42,Wilma,Alton
439,1,5,Gansevoort,2019-10-13 05:15:05,Angela,Houseman
440,0,4,Fargo,2020-03-27 11:37:42,Dan,Salm
441,0,1,St Louis,2021-07-30 20:32:57,Heloisa,Zweifelhofer
442,0,4,Reston,2020-08-29 17:42:47,Jane,Waters
443,1,5,Bensonhurst,2019-01-17 14:12:54,Zoe,Chesire
444,0,5,Newton,2020-10-02 08:45:31,Zoe,Orlin
445,0,1,Hialeah,2020-11-13 16:04:50,Lawrence,Cooper
446,0,1,Islip,2021-02-19 17:06:59,Keith,Rogers
447,1,5,Islip,2019-01-29 15:55:42,Uma,Nichols
448,0,3,Miami,2020-06-08 05:50:42,Stavros,Clay
449,1,5,Chicago,2021-05-23 18:22:18,Filomena,Vivaldi
450,0,1,Newton,2019-08-21 08:32:12,Quigley,Underman
451,1,2,Pueblo,2020-08-10 14:35:57,Filomena,White
452,0,4,Reston,2021-05-16 20:07:17,Neil,Zubik
453,0,4,Xavier,2021-03-04 03:54:39,Keith,Martinez
454,0,2,Gansevoort,2019-05-27 01:09:19,Kristen,Evans
455,0,3,Islip,2020-10-14 04:17:59,Jocelyn,Edison
456,1,3,Reston,2020-11-28 11:15:37,Susan,Edwards
457,0,3,Oak Creek,2020-05-03 15:44:04,Orson,Evans
458,0,4,Xavier,2020-05-07 09:16:26,Juanita,Xerxes
459,1,4,Elmhurst,2019-02-25 18:47:51,Vincent,Rotterman
460,1,4,Queensbury,2020-03-12 00:42:23,Peter,Baker
461,1,5,Denver,2021-07-24 04:03:30,Dave,Adam
462,0,2,Elmhurst,2020-04-14 10:49:39,Roberta,Ueckert
463,1,3,Miami,2018-12-24 09:55:03,Terry,Townsend
464,0,1,Denver,2021-02-24 02:02:30,Bill,Paraskiv
465,0,4,Hialeah,2019-02-06 12:41:50,Bart,Larson
466,0,5,Pueblo,2019-01-31 00:13:20,Rob,Jenkins
467,0,5,Pueblo,2019-04-16 01:12:48,Kyra,Harrison
468,1,5,St Louis,2019-01-10 20:05:55,Thelma,Isaksen
469,0,2,Chicago,2019-12-23 09:21:04,Jane,Ihringer
470,1,1,Elmhurst,2019-10-23 09:07:07,Molly,Thompson
471,0,5,Youngstown,2020-12-15 08:18:23,Violet,Waters
472,0,5,Queensbury,2020-08-09 20:21:31,Sam,Vanzetti
473,0,1,Jackson,2021-08-30 11:58:28,Yan,Van De Griek
474,0,2,Reston,2019-10-27 22:02:22,Debby,Tillem
475,0,2,Zanesville,2019-03-03 11:46:42,Josephine,Uberoth
476,1,4,Boston,2020-02-22 07:44:26,Sophia,Jafari
477,1,2,Gansevoort,2020-09-19 08:23:06,Imelda,Levinson
478,1,1,Washington,2019-09-13 15:02:59,Chelsea,Zweifelhofer
479,0,5,Reston,2020-11-17 11:17:42,Dave,Koivu
480,1,1,Washington,2019-03-19 07:58:55,George,Black
481,0,2,Islip,2021-02-19 16:13:24,Bill,Peters
482,1,2,Miami,2020-09-29 09:45:57,Roger,Noodleman
483,1,2,Reston,2019-02-07 19:34:34,William,Ingersol
484,0,1,Oak Creek,2021-07-02 11:25:27,Terry,Ingleman
485,0,5,Gansevoort,2020-03-19 11:04:09,Hannah,Petersburg
486,0,4,Vail,2019-09-23 16:33:16,Xavier,LaRocca
487,0,4,Tampa,2019-08-12 13:36:53,Samantha,Lopez
488,1,5,Islip,2020-01-25 13:07:55,Bill,Ubertini
489,1,4,Washington,2020-11-07 08:31:42,Josephine,Larson
490,0,5,Islip,2020-09-14 04:43:20,Barb,Chang
491,0,2,Newton,2021-04-24 17:57:25,Kristen,Wijnschenk
492,1,1,Denver,2020-04-26 00:31:38,Terry,Orlin
493,1,5,Elmhurst,2021-02-28 21:03:33,Patricia,Ironhorse
494,0,3,Chicago,2020-06-12 09:58:11,Barbara,White
495,0,2,Miami,2020-11-16 17:31:16,Danielle,Levinson
496,1,3,Albany,2021-05-23 00:11:55,Sam,Alton
497,0,4,St Louis,2020-12-07 14:21:07,Barb,Davis
498,0,2,Islip,2019-07-05 23:51:41,Howard,Zweifelhofer
499,0,5,Pueblo,2019-10-06 03:07:06,Liza,Wijnschenk
500,0,4,Queensbury,2021-02-06 20:08:26,Imelda,LaRocca
501,1,4,Queensbury,2019-02-21 04:13:32,Rob,Quilty
502,1,1,Albany,2019-06-24 14:18:18,Neil,Eagleman
503,0,1,Youngstown,2020-01-05 18:10:28,Ed,Quince
504,0,4,Washington,2021-08-03 21:52:29,Jules,Isaacs
505,0,1,Gansevoort,2019-05-31 02:51:42,Stuart,Cunningham
506,1,4,Xavier,2020-03-23 03:46:47,Edgar,Eisenstien
507,0,4,Islip,2020-09-16 19:09:16,Howard,Young
508,1,1,Washington,2020-10-24 01:19:56,Andrew,DeLillo
509,1,3,Zanesville,2020-03-18 00:27:12,Hannah,Tesla
510,1,2,Albany,2018-12-10 13:45:37,Pam,Braam
511,1,3,Newton,2019-09-04 09:04:58,Andrew,Burroughs
512,1,3,Xavier,2021-07-04 22:45:07,David,Cunningham
513,0,1,Gansevoort,2019-05-06 23:47:05,Frances,Ingleman
514,1,3,Elmhurst,2021-02-09 14:56:42,Phil,Bush
515,1,5,Larchmont,2020-10-06 22:35:56,Phyllis,Zampitello
516,0,1,St Louis,2020-12-27 22:12:48,Kirsten,Feynman
517,0,4,St Louis,2021-05-07 03:46:34,Michelle,Yang
518,1,3,Youngstown,2019-12-08 07:32:26,Ted,Ramsay
519,0,2,Denver,2019-08-28 02:55:13,Lydia,Ubertini
520,0,1,Xavier,2020-11-04 12:51:43,Brendan,Zimmerman
521,1,1,Queensbury,2020-10-28 02:05:32,Sophia,Yoders
522,1,5,Denver,2019-02-04 23:43:27,Belinda,Basile
523,0,3,Queensbury,2020-08-26 20:11:27,Lola,Newton
524,0,2,Zanesville,2020-12-17 06:17:49,Liza,O'Brien
525,0,4,Oak Creek,2019-03-28 19:58:53,Amanda,Moon
526,0,3,St Louis,2019-03-18 21:35:17,Ralph,Alton
527,1,3,Miami,2020-04-08 03:19:26,Bart,Ahmed
528,0,4,Miami,2021-07-07 20:44:12,Phyllis,Russell
529,0,3,Vail,2019-10-14 22:53:41,Frances,White
530,0,4,Fargo,2019-02-18 19:42:03,Xavier,Ragon
531,0,5,Bensonhurst,2020-10-16 03:12:09,Maria,Ingersol
532,0,1,Islip,2020-06-06 16:09:30,Robert,Klausner
533,1,2,Hialeah,2019-09-30 21:30:12,Rhonda,Yoders
534,1,2,Miami,2021-04-17 16:22:38,Dick,Ueckert
535,1,1,Islip,2021-03-28 02:58:44,Yan,Anderson
536,1,1,Hialeah,2019-08-17 07:16:36,Orson,Isaksen
537,0,1,Albany,2019-07-28 01:55:12,Emilio,Waters
538,0,1,Denver,2020-01-24 13:53:15,Kristen,Nathanson
539,1,2,Reston,2021-03-05 13:39:14,Nataliya,Basile
540,0,5,St Louis,2020-11-05 12:11:25,Greta,Ximines
541,0,2,Bensonhurst,2020-06-17 02:29:33,Heloisa,Faust
542,0,4,Youngstown,2020-04-16 06:30:32,Alice,O'Brien
543,0,1,Miami,2019-07-15 02:20:16,Usha,Gore
544,1,5,Elmhurst,2019-09-26 04:02:35,Barb,Quixote
545,0,2,Tampa,2019-06-15 17:34:47,Ralph,Jaynes
546,0,4,Youngstown,2021-05-16 23:16:33,Samantha,Quincy
547,0,2,Bensonhurst,2021-04-06 18:11:11,Charles,Diavolo
548,0,4,Ukiah,2018-12-26 14:39:34,Michelle,Ramsay
549,0,5,Oak Creek,2020-06-18 18:55:29,Rhonda,Djakovic
550,0,5,Larchmont,2021-04-20 14:45:11,Alexandra,Orwell
551,0,2,Vail,2020-03-31 04:51:00,Norbert,Wells
552,1,5,Newton,2020-11-01 15:03:41,Chad,Wells
553,0,5,Larchmont,2021-01-21 14:32:09,Kyra,Gore
554,1,4,St Louis,2021-03-01 08:20:33,Keith,Frost
555,1,2,Tampa,2020-12-08 18:57:30,Kristen,Vanzetti
556,0,1,Albany,2019-06-07 10:49:30,Josephine,Sato
557,0,4,Zanesville,2019-01-22 15:42:40,Clint,Ingrahm
558,1,2,Oak Creek,2019-08-08 13:38:22,Martin,Goldman
559,1,5,Zanesville,2020-01-18 00:23:52,Brenda,Taylor
560,0,5,Oak Creek,2021-06-21 18:14:55,Brendan,Pantaleo
561,0,5,Tampa,2019-11-29 22:13:44,Debby,Xiang
562,1,3,Chicago,2019-01-22 10:45:46,Roberta,Goncharuk
563,0,4,Gansevoort,2020-01-06 10:57:20,Laura,Bush
564,0,3,Washington,2019-04-14 21:56:33,Molly,Roentgen
565,0,3,Larchmont,2020-06-04 18:56:19,Christen,Gaboriault
566,1,1,Gansevoort,2020-04-20 14:44:34,Kristen,Underman
567,1,1,Ukiah,2021-04-15 00:13:43,Joshua,Gaboriault
568,1,1,Youngstown,2018-12-26 16:42:58,Jocelyn,Lee
569,1,5,Chicago,2020-07-12 10:00:15,Andrew,Orwell
570,0,4,Larchmont,2021-08-09 00:33:30,Jose,Evans
571,0,5,Newton,2020-02-01 06:17:53,Sophia,Presley
572,0,3,Elmhurst,2019-12-03 01:41:44,Nellie,Quixote
573,1,4,Xavier,2021-02-22 08:50:02,Usha,Gibbs
574,1,3,Xavier,2020-12-17 00:56:44,Alfred,O'Donnell
575,1,3,Washington,2021-01-25 21:33:19,Kirsten,Chang
576,0,4,Boston,2019-11-01 05:16:09,Josephine,Waal
577,0,2,Pueblo,2019-02-23 21:43:08,Elmo,Ragon
578,1,3,Tampa,2019-08-12 14:58:16,Julie,Iacobelli
579,1,4,St Louis,2020-10-23 01:27:28,Nataliya,Fives
580,1,3,Elmhurst,2019-03-31 06:03:00,Sophia,Ulman
581,0,4,Vail,2019-09-02 04:02:50,Lisa,Evans
582,0,2,Gansevoort,2021-01-08 18:54:39,Josephine,Salm
583,1,4,Washington,2020-10-16 17:05:15,Andrew,Russell
584,0,4,Queensbury,2020-05-25 09:49:26,Joe,Lepon
585,0,2,Chicago,2019-01-01 19:03:04,Buzz,Waters
586,1,5,Ukiah,2021-01-04 19:02:22,Stavros,Fripp
587,1,1,Youngstown,2021-04-18 16:10:06,Elmo,Zevon
588,1,3,Newton,2018-12-14 17:13:14,Josephine,Quixote
589,1,3,Miami,2020-05-11 16:57:00,Josephine,Nagel
590,0,5,Reston,2019-10-11 05:03:32,Jules,Pantaleo
591,0,3,Queensbury,2019-10-27 07:55:26,Edward,Waters
592,0,4,Hialeah,2019-05-13 08:37:56,Clint,Eagleman
593,1,3,Fargo,2020-03-23 02:00:56,Michelle,Burroughs
594,0,4,Islip,2020-10-10 06:48:29,Chelsea,Ng
595,0,4,Tampa,2019-02-23 17:19:25,Liza,King
596,0,1,Islip,2020-03-31 01:18:02,Nellie,Quixote
597,0,2,Boston,2019-08-21 10:56:14,Debby,Lee
598,1,5,Queensbury,2019-07-19 08:05:28,Zelda,Woo
599,1,4,Miami,2020-03-22 13:12:52,Richard,Nagel
600,0,5,Ukiah,2020-09-14 12:08:56,Alfred,Frost
601,0,3,Gansevoort,2019-08-23 10:43:58,Natasha,Isaksen
602,0,2,Zanesville,2019-02-25 02:05:15,Ted,Pape
603,1,4,Chicago,2020-03-11 10:00:03,Patricia,Ihringer
604,1,4,Vail,2019-01-14 09:45:46,Howard,Vanzetti
605,0,3,Gansevoort,2019-11-16 04:58:40,Phil,Lepon
606,0,3,Washington,2020-12-27 15:10:02,Dave,Orlin
607,0,4,Queensbury,2019-01-24 21:22:03,Agnes,Harrison
608,1,1,Youngstown,2019-02-15 09:35:45,Tara,Chadbourne
609,0,1,Tampa,2020-09-04 21:55:52,Molly,Page
610,1,2,Oak Creek,2019-10-19 13:22:36,Thelma,Uhles
611,0,2,Vail,2021-05-05 20:39:13,Will,Gallant
612,0,2,Tampa,2020-08-23 00:40:10,Jeff,Nathanson
613,1,2,Miami,2019-08-14 15:26:18,Joshua,Press
614,1,5,Queensbury,2018-12-13 22:57:01,Diane,Vanzetti
615,1,5,Tampa,2020-09-14 16:09:59,Pam,Baker
616,0,3,Hialeah,2020-11-26 09:36:02,Emma,Underman
617,1,2,Albany,2019-09-23 21:38:24,Pat,Gaboriault
618,1,4,Hialeah,2021-07-23 09:09:14,Alexandra,Geoffrion
619,1,1,Denver,2020-01-03 18:35:39,Rhonda,Nelson
620,1,1,Islip,2019-10-05 21:17:54,Ralph,Cunningham
621,0,2,Oak Creek,2020-06-26 23:31:04,Xavier,Quincy
622,1,5,Denver,2020-06-22 14:42:25,Zeke,Gaboriault
623,0,1,Zanesville,2021-05-08 00:54:14,Will,Hammel
624,1,1,Hialeah,2019-05-01 00:13:28,Dan,DeLillo
625,0,5,Chicago,2021-02-13 22:23:27,Neil,Duquesnoy
626,0,1,Miami,2020-06-27 16:40:45,Sally,Wijnschenk
627,0,4,Oak Creek,2019-01-31 15:37:13,Aviel,O'Brien
628,0,2,Bensonhurst,2021-03-31 08:04:46,Orson,Chadbourne
629,0,3,Chicago,2020-07-09 11:16:57,Mary,Press
630,0,5,Oak Creek,2021-07-28 11:32:09,Natasha,Ramsay
631,0,3,Newton,2020-01-27 10:39:23,Fred,Black
632,1,2,Vail,2021-02-22 02:42:33,Greta,Avery
633,0,4,Newton,2021-02-15 22:37:01,Christen,Koenig
634,1,2,Boston,2019-05-21 11:54:22,Lydia,Hernandez
635,1,1,Hialeah,2020-08-15 15:19:31,Zoe,Eagleman
636,1,3,Elmhurst,2019-02-22 11:39:47,Sally,Sato
637,0,3,Denver,2020-08-12 06:55:20,Rhonda,Ubertini
638,0,2,Jackson,2020-03-06 14:15:24,Dick,Page
639,0,5,Albany,2021-03-12 10:38:56,Usha,Ximines
640,0,1,Newton,2021-06-06 11:07:08,Pam,Goldman
641,1,4,Denver,2019-04-30 07:39:59,Mario,Peters
642,0,3,Reston,2021-07-12 22:47:20,Angelo,Uhles
643,0,3,Pueblo,2019-04-14 21:05:11,Chad,Fripp
644,1,2,Denver,2021-03-05 01:00:14,Terry,Leiberman
645,1,1,Albany,2019-06-08 09:14:00,Rhonda,Orlin
646,0,3,Islip,2020-12-07 05:33:33,Alexandra,Yakulis
647,1,1,Fargo,2021-06-25 13:28:32,Ashley,Klingman
648,1,4,Larchmont,2019-12-18 15:36:18,Jocelyn,Yezek
649,0,2,Newton,2021-06-01 17:31:45,Neil,Jones
650,0,4,Washington,2020-08-04 13:55:04,Phyllis,Thompson
651,0,5,Miami,2021-03-13 07:43:38,Angela,Kovalev
652,1,1,St Louis,2021-05-03 10:43:45,Danielle,Jaynes
653,0,5,Washington,2019-04-11 03:40:21,Phyllis,Loveluck
654,1,5,Miami,2021-01-27 12:09:54,Mark,Yancik
655,0,5,Xavier,2019-07-12 11:37:20,Geoffrey,Jones
656,0,3,Reston,2020-02-24 02:52:23,Brenda,Zweifelhofer
657,0,2,Miami,2021-05-06 15:23:28,Emilio,Vonnegut
658,1,2,Jackson,2020-04-13 06:10:18,Mario,Noodleman
659,0,5,Jackson,2019-04-20 22:49:46,Chad,Hertz
660,1,4,St Louis,2019-02-05 00:36:24,Sophia,Gaboriault
661,0,4,Miami,2019-03-19 18:40:08,Edward,Hernandez
662,1,5,Islip,2020-05-02 07:28:56,Jocelyn,Frost
663,1,4,Fargo,2020-10-06 03:11:28,Christen,Xenia
664,1,4,St Louis,2019-03-05 07:12:11,Olga,Diavolo
665,1,5,Bensonhurst,2019-05-16 21:33:19,Maureen,Xerxes
666,1,5,Denver,2019-10-16 19:43:30,Diane,Rotterman
667,0,4,Pueblo,2021-04-16 19:32:14,Violet,O'Donnell
668,1,5,Ukiah,2020-11-15 06:48:41,Olga,Baker
669,0,2,St Louis,2019-08-24 05:01:36,Frances,Rotterman
670,1,5,Zanesville,2020-07-24 03:09:30,Alfred,Hammel
671,0,1,Washington,2019-03-22 13:09:30,Sam,DeSantis
672,1,3,Miami,2021-01-08 20:10:03,Paul,Ulman
673,0,1,Reston,2020-12-14 22:43:57,Imelda,North
674,1,4,Fargo,2021-06-02 21:35:50,Patricia,Tsatsulin
675,0,5,Youngstown,2020-10-19 05:36:30,Liza,Solomon
676,1,3,Oak Creek,2020-04-25 00:59:32,Dan,Newton
677,1,4,Reston,2020-05-06 16:12:23,Roger,Harrison
678,1,5,Reston,2020-05-30 01:23:41,Bob,Xerxes
679,1,5,Fargo,2019-01-10 16:15:37,Chelsea,Russell
680,0,1,Newton,2020-11-11 14:37:08,Norbert,Schaefer
681,1,1,Gansevoort,2021-04-28 18:41:41,Debby,Frith
682,0,1,Fargo,2020-08-30 19:17:55,Alexandra,Waters
683,0,3,Xavier,2021-03-28 00:43:31,Xavier,Ueckert
684,1,4,Youngstown,2020-02-04 23:21:27,Tara,Nichols
685,1,3,Zanesville,2020-06-01 12:24:33,Sophia,Rogers
686,0,4,Boston,2019-06-29 18:36:46,Kenny,North
687,1,5,Pueblo,2019-12-30 06:10:05,Tara,Allen
688,1,4,Fargo,2020-10-31 11:50:02,Elmo,Underman
689,0,1,Washington,2019-03-25 06:09:04,Debra,Xander
690,0,2,Zanesville,2019-04-17 04:25:20,Terry,Xiang
691,1,1,Islip,2021-02-28 15:02:32,Dan,Schaefer
692,1,5,Pueblo,2019-11-12 04:00:19,Samantha,Li
693,0,1,Boston,2021-01-13 16:48:47,Robert,Marks
694,1,4,Vail,2021-03-21 10:50:26,Zelda,Vivaldi
695,0,2,Boston,2020-11-23 11:24:42,Elvira,Bach
696,1,4,Albany,2019-07-20 17:55:03,Usha,Jafari
697,1,4,Denver,2021-07-15 05:39:24,Joshua,Vonnegut
698,0,1,Youngstown,2020-10-05 16:09:36,Phyllis,Isaksen
699,1,4,Jackson,2020-02-05 14:05:42,Yan,Quine
700,1,2,Bensonhurst,2019-08-03 06:06:46,William,Pybus
701,0,3,Chicago,2020-11-26 15:21:30,Roger,Ipsen
702,1,4,Reston,2018-12-26 08:09:32,Sophia,Walker
703,0,5,Hialeah,2020-03-27 15:59:27,Roberta,Xiang
704,1,5,Islip,2019-05-23 09:28:42,Joe,Rogers
705,1,1,Larchmont,2019-07-13 14:04:50,Edgar,Vivaldi
706,1,4,Chicago,2020-11-22 10:04:36,Emma,Fripp
707,0,1,Zanesville,2020-05-25 16:39:43,Norbert,Townsend
708,0,1,Pueblo,2020-05-02 00:23:34,Bill,Press
709,1,1,Ukiah,2021-05-16 16:22:09,Buzz,O'Brien
710,0,5,St Louis,2019-03-05 19:16:32,Quentin,Ximines
711,0,4,Hialeah,2019-09-15 19:50:23,Wolfgang,Grabscheid
712,0,2,Pueblo,2021-07-28 04:44:19,Sally,Paraskiv
713,1,5,Queensbury,2021-05-29 09:36:03,John,Jackson
714,0,5,Fargo,2020-02-17 16:26:20,Agnes,Hammel
715,1,4,Gansevoort,2021-04-28 07:36:23,Greta,Kratzmann
716,0,1,Albany,2020-07-13 23:45:22,Josephine,Ipsen
717,0,2,Ukiah,2019-07-03 15:49:14,Aviel,Frith
718,0,1,Oak Creek,2020-03-27 12:53:40,John,Salm
719,0,3,Oak Creek,2020-09-15 00:03:56,Keith,Xenia
720,0,1,Denver,2020-02-02 16:59:13,Richard,Smyth
721,0,1,Denver,2020-06-07 02:30:27,Jeff,Xiang
722,0,2,Hialeah,2019-02-20 01:28:34,Kenny,Hills
723,1,2,Bensonhurst,2019-04-25 06:53:32,Michael,Eastman
724,0,2,Jackson,2020-09-02 07:24:35,Mark,Evans
725,0,4,Xavier,2019-10-23 12:32:20,Filomena,Ragon
726,0,1,Washington,2021-02-02 20:04:21,Richard,King
727,1,4,Islip,2021-03-09 00:31:13,Patricia,Salm
728,1,4,Jackson,2021-06-24 22:55:12,Ed,O'Brien
729,0,5,Islip,2019-09-08 00:30:23,Ed,Novello
730,0,3,Jackson,2019-06-22 01:09:58,Ted,Van De Griek
731,0,1,Boston,2021-05-30 19:29:56,Umberto,Bush
732,0,5,Islip,2019-03-28 00:45:06,William,Lepon
733,0,5,Oak Creek,2019-08-10 04:49:06,Natasha,McCormick
734,0,3,St Louis,2019-04-02 12:27:57,Peter,Browning
735,0,5,Youngstown,2020-07-24 15:05:33,Edward,Wilson
736,0,3,Vail,2019-05-07 01:33:33,Samantha,O'Brien
737,0,4,Islip,2020-09-04 18:41:32,Valery,Eagleman
738,1,4,Youngstown,2020-02-27 08:51:48,Roger,Press
739,1,4,Denver,2020-10-08 15:23:36,Amanda,Tsatsulin
740,1,2,Washington,2020-12-22 07:01:53,Juanita,Tsatsulin
741,1,4,Islip,2020-07-26 14:12:46,Filomena,Van De Griek
742,0,3,Hialeah,2019-09-01 14:03:45,Chelsea,O'Brien
743,0,3,Pueblo,2021-05-31 19:46:21,Howard,Yoders
744,0,2,Larchmont,2020-08-23 00:45:00,Alvin,Xander
745,1,5,Bensonhurst,2020-02-14 18:16:50,Olga,Wilson
746,1,2,Larchmont,2020-10-16 18:18:05,Danielle,Ott
747,0,1,Miami,2019-01-01 07:00:26,Quentin,Hertz
748,1,5,Vail,2020-04-22 01:21:55,Zoe,Goldman
749,0,5,Jackson,2019-09-22 13:29:00,Lola,Leiberman
750,0,2,Hialeah,2019-09-28 17:23:27,Chris,Vivaldi
751,1,1,Youngstown,2020-10-07 12:20:28,Michelle,Evans
752,1,2,Denver,2020-07-11 08:06:06,Terry,Kelvin
753,0,5,Islip,2021-04-28 04:00:03,Dick,Jaynes
754,1,4,Miami,2019-05-23 11:47:50,Jeff,Eastman
755,0,4,Vail,2020-04-08 09:51:16,Debra,Quine
756,1,5,Xavier,2020-08-13 04:17:18,Elmo,Orwell
757,0,1,Vail,2020-04-09 10:49:25,Maria,Connors
758,1,2,Bensonhurst,2020-10-07 17:41:33,Sam,Thompson
759,1,4,Pueblo,2021-04-09 14:01:26,Peter,Goldman
760,1,3,Zanesville,2019-04-08 17:07:12,Jose,Faust
761,0,2,Bensonhurst,2019-12-05 21:26:52,Emilio,Love
762,1,3,Jackson,2019-07-07 06:37:04,Valery,Goldman
763,0,5,Hialeah,2020-04-22 23:42:50,Lydia,Davis
764,1,4,Bensonhurst,2020-05-05 14:25:33,John,Li
765,0,1,Youngstown,2019-06-03 20:57:32,Ashley,Quince
766,0,1,Islip,2021-03-21 10:30:19,Angelo,Gore
767,1,5,Zanesville,2021-02-24 02:19:24,Kim,Nelson
768,0,2,Hialeah,2020-06-10 03:12:09,Maria,Russell
769,0,4,Oak Creek,2021-02-08 15:29:38,Sally,Burroughs
770,0,3,Youngstown,2019-10-04 17:53:35,Zelda,Winters
771,0,4,Ukiah,2019-12-07 06:16:58,Robert,Presley
772,1,4,Denver,2021-06-27 18:57:17,Nellie,LaRocca
773,1,5,Xavier,2019-02-21 09:18:29,Rhonda,Yoders
774,0,4,Fargo,2020-08-10 02:06:43,Michelle,Quilty
775,1,4,Oak Creek,2018-12-06 14:31:42,Danielle,Frith
776,1,1,Bensonhurst,2020-05-09 06:34:35,Ed,Frost
777,0,1,Jackson,2019-08-27 04:56:38,Alvin,Townsend
778,1,2,Gansevoort,2020-02-06 06:28:59,Thelma,Finn
779,0,1,Larchmont,2019-10-15 15:18:23,Chris,Ipsen
780,1,1,Gansevoort,2019-10-21 05:24:46,Clint,Houseman
781,0,1,Elmhurst,2021-04-25 14:17:12,Orson,Sorenson
782,0,4,Vail,2021-03-27 07:02:14,Charlotte,Kratzmann
783,0,1,Hialeah,2019-11-24 23:25:56,Joe,Semmens
784,0,3,Tampa,2020-08-23 13:35:53,Bob,Edison
785,0,1,Fargo,2020-04-09 01:56:59,Richard,Feynman
786,0,1,Fargo,2019-02-26 02:41:49,Robert,Page
787,0,5,Bensonhurst,2019-08-20 16:34:12,Orson,Quince
788,1,4,Youngstown,2020-08-05 00:52:39,Alice,Alton
789,0,1,Denver,2021-07-04 14:50:13,Fred,Loveluck
790,0,5,Gansevoort,2019-12-18 17:31:35,Michelle,Kelvin
791,1,4,Fargo,2019-01-21 14:01:22,Dave,Finn
792,1,3,Miami,2020-02-16 04:13:47,Greta,Black
793,1,2,Pueblo,2019-04-07 17:50:08,Emma,Fripp
794,1,4,Miami,2020-12-27 19:01:03,Yan,Yancik
795,1,5,Tampa,2020-03-22 20:25:56,Emma,Solomon
796,1,1,Ukiah,2020-10-11 12:56:04,Joshua,Joyce
797,1,4,Newton,2021-02-07 00:27:06,Stavros,Quigley
798,0,5,Oak Creek,2019-10-31 06:30:21,Heloisa,Xander
799,0,5,Elmhurst,2019-08-03 21:04:17,Kristen,Yezek
800,0,5,Boston,2019-06-25 20:18:55,Dick,Mara
801,1,4,Gansevoort,2020-08-03 02:16:10,Nataliya,Quilty
802,1,2,St Louis,2020-10-08 05:16:38,Molly,Iacobelli
803,1,4,Oak Creek,2020-07-04 10:30:56,Andrew,Zimmerman
804,0,2,Jackson,2019-09-04 22:05:28,Lawrence,Ingrahm
805,0,1,Chicago,2018-12-20 19:03:55,Clint,Ahmed
806,0,2,Elmhurst,2019-08-05 02:34:42,Joe,Yang
807,0,5,Jackson,2019-09-22 00:13:48,Martin,Martinez
808,0,2,Gansevoort,2019-08-10 12:30:43,James,Kovalev
809,1,3,Hialeah,2021-01-24 10:17:13,Emilio,Ahmed
810,1,2,Tampa,2018-12-06 16:41:45,Greta,Browning
811,0,3,St Louis,2020-04-03 11:13:04,Emily,Vanzetti
812,1,3,Chicago,2018-12-10 12:56:16,Orson,Yakulis
813,1,5,St Louis,2020-11-13 09:44:04,Joe,Fives
814,1,3,Newton,2021-08-19 15:29:53,Stuart,Yakulis
815,1,4,Miami,2020-10-25 19:33:50,Brendan,Rotterman
816,0,1,Miami,2019-05-11 18:14:27,Roger,Yancik
817,0,3,Zanesville,2020-09-04 10:31:59,Jeff,Kelvin
818,0,3,Miami,2021-05-10 11:14:51,Zoe,Vonnegut
819,0,3,Chicago,2018-12-22 14:55:51,Umberto,Malynko
820,0,2,Ukiah,2020-08-13 03:25:11,Jose,Jung
821,1,1,Oak Creek,2021-04-12 03:34:57,Umberto,Quince
822,0,5,Pueblo,2019-11-18 08:02:29,Aviel,Woo
823,0,1,Oak Creek,2019-01-28 00:08:56,Tara,Anderson
824,1,2,Pueblo,2019-04-23 10:51:01,Filomena,Faust
825,0,2,Hialeah,2019-01-15 11:27:31,Umberto,Young
826,0,5,Albany,2020-03-11 21:38:03,Sophia,Rogers
827,0,4,Larchmont,2020-08-28 13:01:29,Martin,Cheng
828,1,5,Vail,2019-05-10 02:38:12,Dave,Macrakis
829,0,5,Larchmont,2020-07-03 23:52:57,Brenda,West
830,1,1,Newton,2021-04-07 04:39:11,Lola,Smyth
831,1,4,Newton,2019-12-21 15:53:38,Andrew,Newton
832,1,2,Youngstown,2019-01-18 13:18:13,Julie,Townsend
833,1,3,Bensonhurst,2020-07-28 01:59:40,Amanda,Duquesnoy
834,0,2,Hialeah,2019-02-01 15:17:25,Ralph,Thompson
835,1,2,Denver,2020-08-19 17:33:46,Usha,Cheng
836,0,5,Queensbury,2019-07-24 19:11:44,Quentin,Vanzetti
837,0,4,Ukiah,2020-01-10 06:27:21,James,Lennon
838,1,2,Xavier,2020-03-19 14:03:37,Tara,Ravazzolo
839,0,4,Xavier,2021-06-16 06:25:42,Natasha,Quincy
840,1,4,Youngstown,2020-12-22 16:31:22,Ralph,Jones
841,1,5,Albany,2021-06-12 17:40:55,Al,Tsatsulin
842,0,3,Chicago,2020-05-21 05:36:56,Geoffrey,Yezek
843,1,1,Zanesville,2020-01-29 22:09:29,Phyllis,Waterman
844,0,5,Gansevoort,2020-08-18 01:11:07,Zeke,Solomon
845,0,3,Pueblo,2020-07-25 17:55:55,Valery,Zampitello
846,1,5,Islip,2020-07-16 08:52:40,Dave,Russell
847,1,1,Reston,2019-10-30 14:03:09,Keith,Johnson
848,0,1,Jackson,2019-04-27 09:24:09,Andrew,Allen
849,0,4,Zanesville,2019-08-22 00:14:05,Sam,Emerson
850,1,5,Washington,2020-08-22 10:46:33,Robert,Ingrahm
851,0,2,Vail,2019-09-10 12:20:02,Sophia,Ingrahm
852,0,1,Fargo,2019-07-28 13:20:08,Norbert,Donaldson
853,1,4,Boston,2020-04-27 20:43:14,Wolfgang,Murray
854,0,3,Xavier,2019-03-23 04:17:52,Hannah,Simpson
855,0,2,Jackson,2019-01-21 06:58:30,Juanita,Ueckert
856,1,3,Boston,2019-08-24 15:09:01,Juanita,Bush
857,0,5,Pueblo,2020-10-22 01:19:39,Dick,Sorenson
858,0,4,Islip,2020-06-09 06:35:48,Zoe,Ihringer
859,0,1,Fargo,2020-03-11 19:31:29,Usha,Gaboriault
860,1,5,Xavier,2021-01-25 20:40:44,Violet,Hills
861,0,4,Vail,2019-10-06 23:27:18,Patrick,Thompson
862,0,3,Pueblo,2019-10-06 15:25:29,Laura,Rogers
863,0,5,Tampa,2019-05-22 09:13:55,Chris,Malynko
864,0,3,Miami,2021-04-17 01:17:21,Barbara,Koenig
865,1,4,Elmhurst,2019-01-02 06:52:30,William,Kelvin
866,1,4,Newton,2021-04-23 04:36:21,Andrew,Eisenstien
867,1,3,Xavier,2020-10-28 07:35:06,Mark,Uhles
868,0,3,Bensonhurst,2019-02-10 18:30:51,Stavros,Levinson
869,1,5,Youngstown,2020-01-29 17:05:00,Nataliya,Ott
870,1,4,Denver,2021-08-17 05:00:19,Dan,Ragon
871,1,4,St Louis,2021-08-12 16:04:18,Sophia,Kovalev
872,1,4,Fargo,2019-09-01 09:57:35,Kim,O'Rielly
873,1,4,Larchmont,2019-05-21 19:51:00,John,Sato
874,1,2,Elmhurst,2020-12-10 18:38:18,Robert,Allen
875,1,4,Albany,2019-08-21 02:22:08,Molly,Pape
876,1,1,Xavier,2019-06-25 03:45:16,Mario,Drabek
877,0,3,Jackson,2021-01-05 02:52:49,Ralph,McCormick
878,0,3,Reston,2019-09-18 00:17:11,Sally,Olsen
879,1,2,Miami,2021-02-07 20:53:32,Zelda,Ximines
880,1,2,Albany,2021-02-25 12:48:02,Lola,Browning
881,0,5,Elmhurst,2020-02-02 14:36:45,Buzz,Houseman
882,1,4,Newton,2020-05-07 08:47:16,Nataliya,Ravazzolo
883,0,3,Youngstown,2020-11-27 05:25:45,Josephine,Xiang
884,1,5,Denver,2019-03-18 10:30:57,Dmitry,Humby
885,0,2,Tampa,2020-01-07 05:26:05,David,Page
886,1,4,Jackson,2019-02-04 10:56:22,Rob,Hills
887,0,2,Youngstown,2019-11-27 02:51:56,Lisa,Edwards
888,0,1,Miami,2020-03-30 15:31:50,Ed,Ahmed
889,1,2,Oak Creek,2018-12-27 13:10:22,Vincent,Ragon
890,1,1,Pueblo,2021-04-24 04:52:20,Terry,Levinson
891,1,1,Bensonhurst,2019-12-21 04:02:44,Bart,Campos
892,0,1,Gansevoort,2021-02-11 01:59:09,Michael,Quine
893,0,1,St Louis,2019-05-05 07:04:03,Patrick,Zampitello
894,1,3,Chicago,2020-09-24 13:14:56,George,Finn
895,0,1,Albany,2020-08-24 08:49:49,Bob,Zweifelhofer
896,0,3,Queensbury,2021-06-05 17:38:09,Robert,Emerson
897,1,4,Xavier,2019-10-11 11:42:22,Paul,Houseman
898,0,4,Miami,2020-10-01 03:51:56,Quentin,Willeke
899,0,2,Xavier,2020-08-17 02:04:05,Nellie,Zucherro
900,0,1,Chicago,2018-12-08 05:07:50,Liza,Semmens
901,1,1,Jackson,2019-01-20 00:12:06,Kim,Olsen
902,0,4,Chicago,2021-08-28 13:11:51,Orson,Li
903,0,1,Fargo,2021-02-17 20:22:18,Debra,Chadbourne
904,1,4,Newton,2019-04-16 23:06:37,James,Finn
905,0,4,Queensbury,2019-04-11 03:19:40,Bill,Hertz
906,1,1,Zanesville,2020-08-06 13:29:40,Mario,O'Brien
907,0,2,Elmhurst,2021-08-03 12:58:28,Brenda,Ahmed
908,1,1,Albany,2021-01-02 13:10:54,Kevin,Zucherro
909,0,1,Islip,2021-01-19 10:50:15,Bob,Black
910,0,2,Fargo,2019-03-09 23:40:31,Charles,Faust
911,0,5,Ukiah,2019-01-30 23:45:25,Sophia,Frost
912,1,4,Denver,2021-08-21 21:06:29,Agnes,Donaldson
913,0,3,Ukiah,2019-01-28 07:48:50,Vincent,Davis
914,0,3,Xavier,2021-02-04 01:10:41,Linda,Koivu
915,0,5,Islip,2019-09-11 18:03:38,Liza,Smith
916,0,2,Tampa,2021-03-01 20:27:20,Bob,Schultz
917,0,1,Queensbury,2020-04-10 23:49:59,Sam,Drabek
918,0,2,Pueblo,2018-12-29 01:45:20,Bob,Vivaldi
919,1,1,Tampa,2020-09-22 13:40:38,Ashley,Emerson
920,0,5,St Louis,2020-01-23 04:16:52,Samantha,Adams
921,0,4,Vail,2021-08-19 05:56:18,Danielle,Gomez
922,1,5,Ukiah,2020-06-26 14:41:52,Andrew,Murphy
923,1,2,Zanesville,2019-10-09 21:14:52,Violet,Xander
924,1,5,Elmhurst,2018-12-31 15:31:58,Andrew,Klingman
925,0,1,Xavier,2019-01-01 05:39:29,Nellie,King
926,0,2,Xavier,2021-06-24 22:31:02,Paul,Anderson
927,1,4,Ukiah,2019-11-01 18:24:28,Ralph,Malynko
928,1,3,Boston,2020-11-30 10:06:48,Kyra,Xavier
929,1,2,Reston,2019-02-28 13:18:21,Jocelyn,Quince
930,0,5,Miami,2019-05-23 20:30:43,Frances,Bukowski
931,1,2,Zanesville,2021-07-05 09:51:22,Keith,Vonnegut
932,0,5,Islip,2019-07-22 09:10:00,Michelle,Yeats
933,1,1,Miami,2020-07-31 10:29:55,Lisa,Connors
934,1,1,Queensbury,2019-11-10 21:49:08,Dmitry,Simpson
935,0,4,Larchmont,2021-01-18 00:23:32,Joe,Geoffrion
936,1,4,Hialeah,2019-05-15 10:32:07,Bob,Quince
937,0,1,Larchmont,2020-01-27 06:49:10,Lawrence,Leiberman
938,1,4,Oak Creek,2019-08-03 20:40:49,Emily,Xander
939,0,5,Tampa,2021-06-26 15:01:02,Marvin,Yang
940,0,5,St Louis,2021-05-07 18:10:16,Violet,Lepon
941,1,4,Reston,2021-07-05 10:47:03,Elvira,Eno
942,0,1,Miami,2019-08-14 02:57:43,Milhouse,Frost
943,1,1,Oak Creek,2020-11-12 05:20:13,Angela,Avery
944,0,3,Fargo,2019-11-29 22:36:57,Bob,Hills
945,1,4,Tampa,2021-08-21 04:43:30,Elmo,Faust
946,1,1,Bensonhurst,2021-08-14 14:13:35,Andrew,Russell
947,0,3,Zanesville,2021-06-02 20:27:19,Elvira,DeSantis
948,0,3,Tampa,2020-03-21 00:35:20,Dick,Uberoth
949,1,3,Newton,2021-04-15 06:33:10,Samantha,Faust
950,1,3,Reston,2019-08-21 11:59:16,Quentin,Nagel
951,0,5,Gansevoort,2019-06-25 15:04:06,Sophia,Tsatsulin
952,1,2,Albany,2019-06-17 14:56:50,Charlotte,Novello
953,0,2,Pueblo,2021-03-05 16:38:27,Rob,Avery
954,1,1,Reston,2020-10-15 05:25:31,Chris,Ironhorse
955,1,3,Reston,2021-02-15 07:16:41,Marvin,McCoy
956,1,1,Boston,2020-09-01 23:38:19,Norbert,Emerson
957,0,3,Miami,2020-12-05 14:32:43,Bill,Yancik
958,0,5,Elmhurst,2020-09-06 17:32:14,Linda,Adam
959,0,4,Newton,2019-10-09 18:51:17,Brendan,Cannon
960,1,1,Boston,2019-03-18 12:27:34,Bob,Eisenstien
961,1,1,Denver,2019-03-29 11:43:49,Rhonda,Braam
962,0,4,Washington,2020-04-23 22:02:42,Fred,Hills
963,0,2,Xavier,2019-11-19 01:54:40,Brendan,Rotterman
964,1,2,Oak Creek,2019-03-15 13:31:14,Patricia,Gore
965,0,5,Fargo,2020-10-24 04:51:52,Xavier,Jenkins
966,1,1,Miami,2019-09-09 02:07:07,Alvin,Gallant
967,1,4,Jackson,2020-05-23 14:20:32,Stuart,Basile
968,1,1,Hialeah,2020-05-07 08:28:49,Marvin,Quine
969,1,5,Queensbury,2019-04-21 21:55:47,Lydia,Goncharuk
970,1,1,Reston,2021-05-12 14:57:55,Peter,Quincy
971,1,4,Pueblo,2020-06-24 10:41:28,Nellie,Eisenstien
972,1,2,Elmhurst,2019-12-23 05:58:58,Ralph,Ravazzolo
973,0,1,Washington,2020-01-09 09:05:48,Lisa,Young
974,0,4,Youngstown,2020-03-25 18:29:23,Dick,O'Brien
975,0,2,Queensbury,2021-03-30 09:02:03,Angelo,Gallant
976,0,1,Zanesville,2020-03-09 00:55:02,Laura,Quixote
977,1,2,Fargo,2021-06-08 12:45:38,Marvin,Malynko
978,1,4,Tampa,2021-08-07 04:09:27,Rhonda,Xavier
979,1,1,Reston,2021-05-29 23:26:57,Terry,Ramsay
980,0,5,Fargo,2019-07-11 20:29:20,Orson,Xerxes
981,0,5,Miami,2019-02-08 17:10:28,Jose,Yakulis
982,1,3,Gansevoort,2021-06-19 00:37:40,Terry,Browning
983,1,1,Miami,2021-06-21 14:40:15,Dick,Ragon
984,0,4,Chicago,2021-07-10 03:34:41,Umberto,Sorenson
985,1,5,St Louis,2021-08-03 01:07:12,Bob,DeLillo
986,0,4,Zanesville,2021-04-06 20:08:25,Molly,Adams
987,0,4,Jackson,2021-05-15 15:02:40,Jose,Zemaitis
988,1,4,Fargo,2020-01-19 15:31:09,Thelma,Bush
989,1,2,Albany,2021-05-22 13:48:18,Juanita,Feynman
990,0,5,Vail,2019-08-14 15:58:36,Sam,Baker
991,0,2,Zanesville,2019-10-28 13:02:11,Angela,Eisenstien
992,1,2,Fargo,2019-09-21 12:13:23,Kevin,Ravazzolo
993,0,2,Tampa,2019-02-24 19:10:02,Ralph,Anderson
994,1,3,Tampa,2020-02-05 02:18:16,Kristen,Pape
995,0,3,Elmhurst,2020-01-05 12:58:18,David,Yu
996,1,3,Chicago,2020-06-13 00:39:50,Janice,Roentgen
997,1,2,Islip,2019-04-17 03:49:11,Heloisa,Eisenstien
998,1,5,Denver,2021-06-28 21:36:53,Roberta,Williams
999,0,4,Jackson,2020-11-16 19:46:04,Ted,Nagel
1000,0,3,Boston,2020-12-26 18:11:10,Angelo,Paraskiv
